cluster_id,summary,top_pain_points
4,"['**Cluster Summary**: \nSeveral users are seeking guidance on transitioning into the cybersecurity field. They range from individuals contemplating a career change due to concerns about stability and passion', 'to professionals already employed in IT considering a shift to cybersecurity roles. Topics include educational backgrounds', 'job market competitiveness', 'certification recommendations', 'entry-level roles', 'and personal experiences with certification exams and career pivots. \n\n**Cluster Name**: \nCybersecurity Transition Quandaries']","['Based on the provided text', 'here are the top 10 pain points:\n\n1. Laying off experienced tech professionals', 'struggle to find new jobs\n2. Concern about making the wrong career choice\n3. Anxiety over investing time and money in cybersecurity career due to layoffs\n4. Desire for stability over passion\n5. Skepticism towards following passion in cybersecurity\n6. Need for continuous learning and specialized skills in cybersecurity\n7. Doubt regarding the demand and stability of cybersecurity career after 2023\n8. Reluctance toward the ""passion"" aspect of pursuing a career\n9. Challenge of balancing personal interests with career prospects in IT\n10. Transitioning from non-tech backgrounds to cybersecurity roles\n\nThese pain points encompass various challenges and uncertainties faced by IT professionals and individuals considering a career change or transitioning into cybersecurity roles', 'highlighting the importance of stability', 'passion', 'continuous learning', 'and career decision-making processes.']"
8,"['**Summary:**\nA diverse set of IT professionals share their career advancements', 'transitions', 'and dilemmas. From starting out in education and self-studying to climbing the IT career ladder', 'each user describes their unique experiences and challenges', 'including job transitions', 'skill-building', ""and ethical concerns. There's advice sought on making the switch to a new company"", 'approaching leadership roles', 'leaving big tech for startups', 'and transitioning from hands-on tech roles to IT management. Themes of self-improvement', 'navigating career paths', 'and seeking wisdom from the community are prevalent throughout the clustered user stories.\n\n**Name:**\nNavigating IT Career Waters: Journeys', 'Transitions', 'and Dilemmas']","['Based on the provided text', 'here are the top 10 pain points identified:\n\n1. Transitioning from education to the IT field', 'unsure about securing entry-level job opportunities.\n2. Rapid job changes within IT industry leading to uncertainty and limited job options.\n3. Salary progression concerns and comparing salaries to cost of living in different regions.\n4. Concerns about the value of certifications and their impact on salary', 'coupled with pressure to continuously study and obtain certifications.\n5. Difficulty in navigating the job market due to geographic restrictions and visa sponsorship requirements.\n6. Handling rapid promotion and skill level expectations', 'especially in transitioning to higher roles like senior/solutions architect.\n7. Feeling undervalued and struggling with potential work options', 'impeding career progression.\n8. Balancing humility with high expectations in a new senior role', 'potentially leading to imposter syndrome.\n9. Challenges transitioning to IT management', 'including fears of being unprepared', 'facing biases', 'and balancing technical and leadership responsibilities.\n10. Legal constraints,']"
6,"['**Cluster Summary & Title:**\n\n**Title:** Navigating a Varied IT Career Journey\n\n**Summary:**\nThe user shares a multi-faceted IT career journey with various experiences and challenges. They reflect on issues such as burnout', 'lack of recognition', 'transitioning careers', 'struggling to find suitable roles', 'and the evolving demands within the industry. They seek advice on how to progress despite setbacks', 'including experiences like job transitions', 'diversification', 'and adapting to changing job market trends. The user also contemplates potential career paths', 'including considering roles in data science', 'sales development programs', 'customer service', 'and government IT positions. ']","['Based on the provided text', 'here is a compilation of the top 10 pain points:\n\n1. Lack of clear career progression opportunities and limitations in skill development\n2. Financial considerations when transitioning to new roles\n3. Burnout and stress leading to decreased work ethic\n4. Concerns about obtaining positive references and potential negative impact on current job\n5. Feeling stuck in current career paths without growth prospects\n6. Difficulty finding quality employers that do not require references\n7. Challenges in balancing continuous learning to stay relevant with potential burnout as professionals age\n8. Feeling overwhelmed by transitioning to new career paths without sufficient experience or networking\n9. Uncertainty about job security and career growth due to specialized knowledge requirements\n10. Pressure to constantly upskill and balance study with other life demands in a rapidly changing tech landscape\n\nThese pain points span across various themes including career growth', 'financial concerns', 'burnout', 'references', 'stagnant career paths', 'and skills development', 'reflecting the challenges and struggles faced by IT']"
2,"[""**Summary:**\n\nThe first individual in their early 30s with a Master's in CS"", 'worked as the sole developer in a company for 8-9 years', 'developing a crucial software system', 'but left due to overwhelming responsibilities shifting towards management and support. They seek a challenging coding role', 'considering self-employment or a shift to AI', 'with uncertainty about pursuing a PhD. \n\nThe second individual is new to the IT industry', 'working as an Application/IT Support Analyst at a telecommunications company', 'enjoying their job', 'appreciating the stability but contemplating transitioning to cloud engineering', 'DevOps', 'or SRE for better salary prospects. They have received a tempting offer from a digital advertising platform but are unsure about the stability of the advertising industry during economic downturns.\n\n**Title:**\n\nNavigating Career Transitions in the IT Industry: Balancing Passion for Coding and Stability in Challenging Roles']","['1. Lack of work-life balance,\n2. Feeling overwhelmed due to extensive responsibilities,\n3. Shift from coding to management and support roles,\n4. Concerns about routine and non-challenging coding jobs,\n5. Preference for smaller companies and chaotic environments,\n6. Consideration of self-employment and potential challenges like handling support and devops independently,\n7. Uncertainty about returning to previous employer without significant changes in responsibilities,\n8. Desire to pursue AI despite limited experience,\n9. Contemplation of a PhD but concerns about potential monotony,\n10. Search for opportunities that allow focus on coding and complex projects. \n11. Tight job market with low new job postings,\n12. High competition with thousands of applicants for one job,\n13. Long and arduous interview processes with multiple rounds,\n14. Uncertain job security and potential for layoffs,\n15. Difficulty in job hopping due to on-site work requirements,\n16. Reduced compensation and lower job security in the market,\n17.']"
3,"['Summary: \nThe text discusses different professionals at crossroads in their IT careers. Topics range from transitioning from QA to infosec', 'pursuing cloud engineering from a telecom background', 'seeking advice on career shifts within IT', 'and transitioning from an engineer to a manager role.\n\nTitle:\nNavigating Crossroads in IT Careers']","['Based on the text provided', 'here are the top 10 pain points identified:\n\n1. Specialisation stress: Concerns about being blamed for various IT issues due to the need for deep specialization.\n2. Knowledge gap: Cloud engineers lacking understanding of traditional IT infrastructure pose challenges.\n3. Competing against ill-prepared peers: Struggle against cloud engineers with limited IT system knowledge.\n4. Tool mastery pressure: Need to excel in various tools alongside cloud technologies for career advancement.\n5. Role transformation fear: Apprehensions of job evolving into a mundane helpdesk position.\n6. Transition complexities: Stress and challenges in moving to cloud engineering roles.\n7. Skill diversification necessity: Importance of diverse skill set across multiple cloud platforms.\n8. Learning curve burden: Difficulty in gaining new skills', 'especially in programming and automation.\n9. Industry relevance pressure: Need to constantly learn and expand skills to stay competitive.\n10. Role ambiguity: Uncertainty about offered cloud engineering position and its true nature.']"
7,"['**Summary:** The user is contemplating leaving a SysAdmin role for an IT Director position at a company with numerous IT deficiencies. Despite red flags', 'the position offers a substantial pay increase', 'aligns with career aspirations', 'and could lead to higher management roles. The user seeks advice on whether to pursue this opportunity.\n\n**Title:** ""Career Pivot Dilemma: From SysAdmin to IT Director in a Chaotic Company""']","['Based on the provided text', 'I have created a list of the top 10 pain points for each user story:\n\n**For transitioning from SysAdmin to developer roles:**\n1. Pay cut when transitioning roles.\n2. Difficulty showcasing coding skills and portfolio during job interviews.\n3. Uncertainty in perceived value of scripting skills compared to programming.\n4. Perception of SysAdmin being an easier job than developer roles.\n5. Lack of opportunities for career advancement without extensive commercial experience.\n6. Balancing system administration and development duties in a job.\n7. Challenges in finding companies looking for a SysAdmin/DevOps hybrid role.\n8. Concerns about taking a salary reduction for transitioning roles.\n9. Pressure of handling end users and on-call responsibilities as a SysAdmin.\n10. The learning curve required for transitioning to DevOps roles.\n\n**For first-time IT management role:**\n1. Lack of management experience for such a challenging role.\n2. Difficulty in building an entire IT department from scratch.\n']"
9,"['### Summary:\nThis cluster of user stories covers a range of experiences and challenges faced by IT professionals in different stages of their careers. From feeling overwhelmed and inadequately equipped to transition from a technical role to a managerial position', 'to contemplating career shifts due to lack of growth opportunities and unfulfilling roles', 'the stories touch upon aspects like job satisfaction', 'technical proficiency', 'leadership aspirations', 'and professional development. These individuals seek advice on handling challenges', 'making career transitions', 'finding new job opportunities', 'and navigating personal and professional growth.\n\n### Title:\nNavigating IT Career Transitions: Challenges', 'Aspirations', 'and Growth Opportunities']","['1. Feeling overwhelmed by managing the workload of a 5-person team alone without sufficient support.\n2. Struggling with time management and effectiveness due to inadequate resources to handle all tasks.\n3. Lack of organization and documentation leading to confusion and inefficiencies in the initial setup.\n4. Inadequate communication and assistance from the outsourcing company causing delays and misunderstandings.\n5. Feeling pressure to perform at a high level similar to experienced team members who were let go.\n6. Concerns about job security despite promises of a promotion and raise.\n7. Potential burnout due to overwhelming responsibilities and workload.\n8. Fear of being blamed for failures during the transition period and being scapegoated.\n9. Feeling undervalued and exploited by being assigned multiple specialist roles without appropriate recognition.\n10. Uncertainty about the future and fear of being replaced once the transition is complete', 'leading to anxiety and insecurity.']"
1,"['**User Story Cluster - Career Transition in IT**\n\n**Summary**: This cluster of user stories revolves around individuals at different stages of their IT careers looking to transition or advance into networking and IT management roles. They range from professionals with no real-world IT experience to those with extensive experience seeking certifications for career growth. There is a common theme of seeking advice on certifications', 'educational paths', 'job prospects', 'and potential career transitions within the IT industry.\n\n**Cluster Name**: Career Transition Journey in IT']",['1. Uncertainty about job prospects after passing CCNA\n2. Burnout in current role with no clear career path\n3. Lack of rapport with new manager post-reorganization\n4. Challenges in transitioning from NOC to network engineering\n5. Difficulty in finding a fitting role post-CCNA certification\n6. Variability in pay expectations for network engineer positions\n7. Balancing field experience with theoretical certifications\n8. Need for practical experience beyond CCNA for employment\n9. Importance of broad IT skill set beyond vendor certifications\n10. Necessity to acquire diverse skills beyond network basics']
5,"['**Summary and Name:**\n\n*Clustered User Stories about IT Career Transitions*\n\nThis collection of user stories explores various career transitions within the IT industry', 'including moving from project management to software development', 'refining skills to become a server developer', 'transitioning from front end to full stack/backend roles', 'and seeking advice on becoming a network engineer. Each user shares their unique background', 'aspirations', 'challenges', 'and goals in transitioning or advancing in their IT careers. The stories underscore the importance of continuously learning', 'adapting', 'and strategizing to navigate career changes effectively in the dynamic tech industry.']","['Based on the provided text', 'the top 10 pain points are as follows:\n1. The struggle to break into the IT industry', 'even after obtaining certifications', 'leading to feelings of frustration and disillusionment.\n2. Feeling overwhelmed by the process of laying down basic foundations for certifications', 'causing stress and self-doubt.\n3. Dealing with negativity and age-related concerns in pursuing a career change', 'leading to feelings of insecurity and discrimination.\n4. Uncertainty about the effectiveness and value of certifications in the job market', 'causing hesitation and indecision in career choices.\n5. Seeking guidance on transitioning from non-IT backgrounds to IT roles', 'highlighting the challenge of adapting skills and experience.\n6. Challenges in deciding between pursuing cybersecurity certifications or building a programming portfolio', 'causing confusion and indecision.\n7. Lack of confidence and motivation during the transition to a new career', 'leading to feelings of inadequacy and lack of direction.\n8. Difficulty in staying persistent and positive while facing job market challenges', 'causing']"
0,"['**Summary and Title: Navigating an IT Career Transition Journey**\n\nThis text presents a collection of user stories from seasoned professionals in the IT industry who are contemplating crucial career transitions. From grappling with burnout and feeling lost in their current roles to considering shifts towards roles like technical product management or exploring non-engineering avenues', 'these individuals express a variety of challenges and aspirations. The narratives touch upon issues such as feeling stagnant in skill development', ""the evolving tech industry's demand for specialization"", 'struggles with corporate environments', 'battling imposter syndrome', 'and facing gender biases. The overarching theme revolves around introspection', 'seeking new career paths that align with personal interests', 'and searching for roles that offer more interpersonal interactions. These stories reflect a common thread of reevaluating priorities', 'fostering personal growth', 'and embarking on transformative journeys towards more fulfilling professional endeavors.']","['Based on the provided text', 'here are the top 10 pain points identified across various user stories:\n\n1. Feeling trapped in a desk job', 'lacking fulfillment', 'and feeling disconnected from colleagues.\n2. Anxieties about midlife crisis', 'uncertain career paths', 'and societal pressure to have things figured out by a certain age.\n3. Burnout', 'stress', 'and the desire for a career change to find purpose and joy.\n4. Lack of fulfillment despite a high salary in the current job.\n5. Uncertainty about skill valuation', 'transferability', 'and skill relevancy to industry demand.\n6. Uncertainty and indecision regarding transitioning to entrepreneurship without clarity on the business type.\n7. Feeling unfulfilled and unable to foresee a long-term career in the current path.\n8. Transition challenges from technical roles to roles like product management or sales.\n9. Frustrations with corporate structures', 'yearning for a focus on software development', 'and challenges in job market variability.\n10. Strugg']"
